ID,Brand,Model,Year,Month,Series,Height_mm,Width_mm,Thickness_mm,Weight_g,Screen_Inch,Form_Factor,Hand_Size_Fit,Min_Hand_Len_cm,Max_Hand_Len_cm,Min_Hand_W_cm,Max_Hand_W_cm,One_Hand_Use,Display_Type,Resolution,Refresh_Hz,PPI,Chipset,RAM_GB,Storage_GB,OS,Main_Cam_MP,Front_Cam_MP,Rear_Cams,Wireless_Charging,Battery_mAh,Wired_Charge_W,Charger_In_Box,Charger_Wattage,Extra_Charger_Cost_USD,5G,WiFi,NFC,BT,Launch_Price_USD,Launch_Price_INR,Current_Price_INR,Segment,Foldable,Notes,phone_model,camera_score,battery_score,gaming_score
1,Samsung,Galaxy S22,2022,Feb,S-Series,146.0,70.6,7.6,167.0,6.1,Bar,Small,15,17,7.0,8.0,Easy,Dynamic AMOLED 2X,2400x1080,120,425,Exynos 2200/SD8G1,8,128/256,Android,50,10.0,3,No,3700,25,No,,35,Yes,WiFi 6E,Yes,5.2,799.0,66999,34999,Premium,No,No charger in box,Samsung Galaxy S22,2.5,4.9,6.1
2,Samsung,Galaxy S22+,2022,Feb,S-Series,157.4,75.8,7.6,195.0,6.6,Bar,Medium,17,19,8.0,9.5,Moderate,Dynamic AMOLED 2X,2340x1080,120,393,Exynos 2200/SD8G1,8,128/256,Android,50,10.0,3,No,4500,45,No,,45,Yes,WiFi 6E,Yes,5.2,1099.0,90999,44999,Premium,No,No charger in box,Samsung Galaxy S22+,2.5,6.0,6.1
3,Samsung,Galaxy S22 Ultra,2022,Feb,S-Series,163.3,77.9,8.9,228.0,6.8,Bar,Large,18,22,9.0,11.0,Hard,Dynamic AMOLED 2X,3088x1440,120,500,SD8G1,12,256/512,Android,108,12.0,5,No,5000,45,No,,45,Yes,WiFi 6E,Yes,5.2,1199.0,99999,54999,Premium,No,S-Pen built-in; no charger,Samsung Galaxy S22 Ultra,5.4,6.6,7.4
4,Samsung,Galaxy S21 FE 5G,2022,Jan,S-Series,155.7,74.5,7.9,177.0,6.4,Bar,Medium,17,19,8.0,9.5,Moderate,Dynamic AMOLED 2X,2400x1080,120,406,SD888,6,128/256,Android,12,32.0,3,No,4500,25,No,,35,Yes,WiFi 6,Yes,5.0,699.0,55999,27999,Mid-Premium,No,Fan Edition; no charger,Samsung Galaxy S21 FE 5G,0.6,6.0,5.5
5,Samsung,Galaxy A53 5G,2022,Mar,A-Series,159.6,74.8,8.1,189.0,6.5,Bar,Medium,17,20,8.0,10.0,Moderate,Super AMOLED,2400x1080,120,405,Exynos 1280,6,128/256,Android,64,32.0,4,No,5000,25,Yes,25W,0,Yes,WiFi 5,Yes,5.0,449.0,34999,22999,Mid-Range,No,25W charger included,Samsung Galaxy A53 5G,3.2,6.6,5.5
6,Samsung,Galaxy A33 5G,2022,Mar,A-Series,159.7,74.0,8.1,186.0,6.4,Bar,Medium,17,20,8.0,10.0,Moderate,Super AMOLED,2400x1080,90,411,Exynos 1280,6,128,Android,48,13.0,4,No,5000,25,Yes,25W,0,Yes,WiFi 5,Yes,5.0,399.0,29999,18999,Mid-Range,No,Charger included,Samsung Galaxy A33 5G,2.4,6.6,4.6
7,Samsung,Galaxy A73 5G,2022,Mar,A-Series,163.9,76.1,7.6,181.0,6.7,Bar,Large,17,21,8.5,10.5,Hard,Super AMOLED,2400x1080,120,394,SD778G,8,128/256,Android,108,32.0,4,No,5000,25,Yes,25W,0,Yes,WiFi 6,Yes,5.0,599.0,41999,26999,Mid-Premium,No,Charger included,Samsung Galaxy A73 5G,5.4,6.6,6.1
8,Samsung,Galaxy A23,2022,Mar,A-Series,164.5,76.9,8.4,195.0,6.6,Bar,Medium,17,20,8.0,10.0,Moderate,PLS LCD,2408x1080,90,399,SD680,4,64/128,Android,50,8.0,4,No,5000,25,Yes,15W,0,No,WiFi 5,No,5.0,299.0,18999,11999,Budget,No,15W charger included,Samsung Galaxy A23,2.5,6.6,4.0
9,Samsung,Galaxy A13,2022,Mar,A-Series,165.1,76.4,8.8,195.0,6.6,Bar,Medium,17,20,8.0,10.0,Moderate,PLS LCD,2408x1080,60,399,Exynos 850,4,32/64/128,Android,50,5.0,4,No,5000,15,Yes,15W,0,No,WiFi 4,No,5.0,199.0,13999,8999,Budget,No,15W charger included,Samsung Galaxy A13,2.5,6.6,3.1
10,Samsung,Galaxy A04,2022,Sep,A-Series,164.7,76.7,9.1,195.0,6.5,Bar,Medium,17,20,8.0,10.0,Moderate,PLS LCD,2340x1080,60,405,Helio P35,3,32/64,Android,50,5.0,2,No,5000,15,Yes,15W,0,No,WiFi 4,No,5.0,149.0,9999,6999,Budget,No,Basic charger included,Samsung Galaxy A04,2.5,6.6,2.8
11,Samsung,Galaxy A04s,2022,Sep,A-Series,164.7,76.7,9.1,195.0,6.5,Bar,Medium,17,20,8.0,10.0,Moderate,PLS LCD,2340x1080,60,405,Exynos 850,3,32/64,Android,50,5.0,3,No,5000,15,Yes,15W,0,No,WiFi 4,No,5.0,159.0,11999,7999,Budget,No,Basic charger included,Samsung Galaxy A04s,2.5,6.6,2.8
12,Samsung,Galaxy M53 5G,2022,Apr,M-Series,163.8,76.4,7.4,176.0,6.7,Bar,Large,17,21,8.5,10.5,Hard,Super AMOLED,2400x1080,120,394,Dimensity 900,8,128/256,Android,108,32.0,4,No,5000,25,Yes,25W,0,Yes,WiFi 6,Yes,5.0,349.0,26999,17999,Mid-Range,No,25W charger included,Samsung Galaxy M53 5G,5.4,6.6,6.1
13,Samsung,Galaxy M33 5G,2022,Apr,M-Series,165.0,76.8,8.4,202.0,6.6,Bar,Medium,17,20,8.0,10.0,Moderate,TFT LCD,2408x1080,120,399,Exynos 1280,6,128,Android,50,8.0,4,No,6000,25,Yes,25W,0,Yes,WiFi 5,No,5.0,279.0,18999,12999,Budget,No,6000mAh; charger included,Samsung Galaxy M33 5G,2.5,7.9,5.5
14,Samsung,Galaxy M23,2022,Mar,M-Series,165.5,76.9,8.4,198.0,6.6,Bar,Medium,17,20,8.0,10.0,Moderate,TFT LCD,2408x1080,120,399,SD750G,6,128,Android,50,8.0,3,No,5000,25,Yes,25W,0,Yes,WiFi 5,No,5.0,249.0,16999,10999,Budget,No,Charger included,Samsung Galaxy M23,2.5,6.6,5.5
15,Samsung,Galaxy Z Flip4,2022,Aug,Z-Series,165.1,71.9,6.9,187.0,6.7,Flip,Small-Med,15,19,7.0,9.5,Moderate,Dynamic AMOLED 2X,2640x1080,120,426,SD8+ G1,8,128/256,Android,12,10.0,2,Yes,3700,25,No,,35,Yes,WiFi 6E,Yes,5.2,999.0,84999,52999,Premium,Yes,Clamshell; no charger,Samsung Galaxy Z Flip4,0.6,4.9,6.1
16,Samsung,Galaxy Z Fold4,2022,Aug,Z-Series,155.1,67.1,6.3,263.0,7.6,Fold,Large,18,22,9.0,11.0,Hard,Dynamic AMOLED 2X,2176x1812,120,373,SD8+ G1,12,256/512,Android,50,10.0,4,Yes,4400,25,No,,45,Yes,WiFi 6E,Yes,5.2,1799.0,154999,89999,Ultra-Premium,Yes,Book fold; no charger,Samsung Galaxy Z Fold4,2.5,5.8,7.4
17,Samsung,Galaxy F23 5G,2022,Mar,F-Series,166.5,77.0,8.4,193.0,6.6,Bar,Medium,17,20,8.0,10.0,Moderate,TFT LCD,2408x1080,120,399,SD750G,6,128,Android,50,8.0,3,No,5000,25,Yes,25W,0,Yes,WiFi 5,No,5.0,229.0,15999,10999,Budget,No,India; charger included,Samsung Galaxy F23 5G,2.5,6.6,5.5
18,Samsung,Galaxy F13,2022,Jun,F-Series,165.0,76.5,8.9,195.0,6.6,Bar,Medium,17,20,8.0,10.0,Moderate,PLS LCD,2408x1080,60,399,Exynos 850,4,64/128,Android,50,8.0,3,No,6000,15,Yes,15W,0,No,WiFi 5,No,5.0,179.0,12999,8999,Budget,No,6000mAh; charger included,Samsung Galaxy F13,2.5,7.9,3.1
19,Samsung,Galaxy M13,2022,Jun,M-Series,165.0,76.5,8.4,192.0,6.6,Bar,Medium,17,20,8.0,10.0,Moderate,TFT LCD,2408x1080,60,399,Exynos 850,4,64/128,Android,50,8.0,3,No,6000,15,Yes,15W,0,No,WiFi 5,No,5.0,179.0,11999,7999,Budget,No,Charger included,Samsung Galaxy M13,2.5,7.9,3.1
20,Samsung,Galaxy M04,2022,Dec,M-Series,165.0,76.5,9.0,197.0,6.5,Bar,Medium,17,20,8.0,10.0,Moderate,PLS LCD,2340x1080,60,405,Helio P35,3,32/64,Android,13,5.0,2,No,5000,10,Yes,10W,0,No,WiFi 4,No,5.0,109.0,8999,5999,Budget,No,Entry-level; charger included,Samsung Galaxy M04,0.6,6.6,2.8
21,Samsung,Galaxy A04e,2022,Oct,A-Series,164.2,75.9,8.9,181.0,6.5,Bar,Medium,17,20,8.0,10.0,Moderate,PLS LCD,2340x1080,60,405,Helio P35,3,32/64,Android,13,5.0,2,No,5000,10,Yes,10W,0,No,WiFi 4,No,5.0,119.0,8999,5999,Budget,No,Basic charger included,Samsung Galaxy A04e,0.6,6.6,2.8
22,Samsung,Galaxy S20 FE 2022,2022,Jan,S-Series,159.8,74.5,8.4,190.0,6.5,Bar,Medium,17,20,8.0,10.0,Moderate,Super AMOLED,2400x1080,120,407,SD888,6,128,Android,12,32.0,3,Yes,4500,25,No,,35,Yes,WiFi 6,Yes,5.0,599.0,44999,24999,Mid-Premium,No,Fan Edition; no charger,Samsung Galaxy S20 FE 2022,0.6,6.0,5.5
23,Apple,iPhone SE 3rd Gen,2022,Mar,SE,138.4,67.3,7.3,144.0,4.7,Bar,XS,13,16,6.0,7.5,Very Easy,Retina HD,1334x750,60,326,A15 Bionic,3,64/128/256,iOS,12,7.0,1,Yes,2018,20,No,,1500,0,WiFi 6,No,5.0,429.0,43900,32999,Mid-Range,No,No charger; 20W adapter ₹1500 extra,Apple iPhone SE 3rd Gen,0.6,2.7,2.8
24,Apple,iPhone 14,2022,Sep,iPhone 14,146.7,71.5,7.8,172.0,6.1,Bar,Small,15,17,7.0,8.0,Easy,Super Retina XDR,2532x1170,60,460,A15 Bionic,6,128/256/512,iOS,12,12.0,2,Yes,3279,20,No,,1500,0,WiFi 6,Yes,5.0,799.0,79900,56999,Premium,No,No charger; 20W ₹1500 extra,Apple iPhone 14,0.6,4.3,3.7
25,Apple,iPhone 14 Plus,2022,Sep,iPhone 14,160.8,78.1,7.8,203.0,6.7,Bar,Large,18,21,9.0,11.0,Hard,Super Retina XDR,2778x1284,60,458,A15 Bionic,6,128/256/512,iOS,12,12.0,2,Yes,4323,20,No,,1500,0,WiFi 6,Yes,5.0,899.0,89900,62999,Premium,No,No charger,Apple iPhone 14 Plus,0.6,5.7,3.7
26,Apple,iPhone 14 Pro,2022,Sep,iPhone 14 Pro,147.5,71.5,7.8,206.0,6.1,Bar,Small,15,17,7.0,8.0,Easy,Super Retina XDR ProMotion,2556x1179,120,460,A16 Bionic,6,128/256/512/1TB,iOS,48,12.0,3,Yes,3200,27,No,,2000,0,WiFi 6E,Yes,5.3,999.0,129900,72999,Premium,No,Dynamic Island; no charger,Apple iPhone 14 Pro,2.4,4.2,5.5
27,Apple,iPhone 14 Pro Max,2022,Sep,iPhone 14 Pro,160.7,77.6,7.9,240.0,6.7,Bar,Large,18,21,9.0,11.0,Hard,Super Retina XDR ProMotion,2796x1290,120,460,A16 Bionic,6,128/256/512/1TB,iOS,48,12.0,3,Yes,4323,27,No,,2000,0,WiFi 6E,Yes,5.3,1099.0,139900,82999,Premium,No,No charger,Apple iPhone 14 Pro Max,2.4,5.7,5.5
28,Google,Pixel 6a,2022,Jul,Pixel 6,152.2,71.8,8.9,178.0,6.1,Bar,Small,15,17,7.0,8.0,Easy,AMOLED,2400x1080,60,429,Tensor G1,6,128,Android,12,8.0,2,No,4410,18,No,,1800,0,WiFi 6E,Yes,5.3,449.0,43999,26999,Mid-Range,No,No charger; 18W adapter ~₹1800,Google Pixel 6a,0.6,5.8,3.7
29,Google,Pixel 7,2022,Oct,Pixel 7,155.6,73.2,8.7,197.0,6.3,Bar,Medium,16,19,8.0,9.5,Moderate,AMOLED,2400x1080,90,416,Tensor G2,8,128/256,Android,50,10.8,2,Yes,4355,30,No,,1999,0,WiFi 6E,Yes,5.3,599.0,59999,38999,Mid-Premium,No,No charger; 30W ~₹2000,Google Pixel 7,2.5,5.8,5.2
30,Google,Pixel 7 Pro,2022,Oct,Pixel 7,162.9,76.6,8.9,212.0,6.7,Bar,Large,17,21,8.5,10.5,Hard,LTPO AMOLED,3120x1440,120,512,Tensor G2,12,128/256/512,Android,50,10.8,3,Yes,5000,30,No,,1999,0,WiFi 6E,Yes,5.3,899.0,84999,55999,Premium,No,No charger,Google Pixel 7 Pro,2.5,6.6,7.4
31,OnePlus,10 Pro,2022,Jan,OnePlus,163.0,73.9,8.6,200.0,6.7,Bar,Large,17,21,8.5,10.5,Hard,AMOLED LTPO 2.0,3216x1440,120,525,SD8G1,8,128/256,Android,48,32.0,3,Yes,5000,80,Yes,80W,0,Yes,WiFi 6E,Yes,5.3,799.0,66999,41999,Mid-Premium,No,80W charger INCLUDED! Hasselblad,OnePlus 10 Pro,2.4,6.6,6.1
32,OnePlus,10T,2022,Aug,OnePlus,163.3,75.4,8.7,204.0,6.7,Bar,Large,17,21,8.5,10.5,Hard,AMOLED,2412x1080,120,394,SD8+ G1,8,128/256,Android,50,16.0,3,No,4800,150,Yes,150W,0,Yes,WiFi 6E,Yes,5.3,649.0,49999,34999,Mid-Premium,No,150W charger INCLUDED!,OnePlus 10T,2.5,6.4,6.1
33,Xiaomi,12 Pro,2022,Mar,Xiaomi,163.6,74.6,8.2,204.0,6.73,Bar,Large,17,21,8.5,10.5,Hard,AMOLED,3200x1440,120,521,SD8G1,12,256,Android,50,32.0,3,Yes,4600,120,Yes,120W,0,Yes,WiFi 6E,Yes,5.3,749.0,62999,36999,Mid-Premium,No,120W charger INCLUDED! Leica,Xiaomi 12 Pro,2.5,6.1,7.4
34,Xiaomi,12,2022,Mar,Xiaomi,152.7,69.9,8.2,179.0,6.28,Bar,Small,15,17,7.0,8.0,Easy,AMOLED,2400x1080,120,419,SD8G1,8,128/256,Android,50,32.0,3,Yes,4500,67,Yes,67W,0,Yes,WiFi 6E,Yes,5.3,549.0,43999,27999,Mid-Premium,No,67W charger INCLUDED,Xiaomi 12,2.5,6.0,6.1
35,Xiaomi,Redmi Note 11 Pro+,2022,Jan,Redmi,164.2,76.1,8.1,202.0,6.67,Bar,Large,17,21,8.5,10.5,Hard,Super AMOLED,2400x1080,120,395,Dimensity 920,8,128/256,Android,108,16.0,3,No,5000,67,Yes,67W,0,Yes,WiFi 6,Yes,5.2,299.0,20999,15999,Mid-Range,No,67W charger INCLUDED,Xiaomi Redmi Note 11 Pro+,5.4,6.6,6.1
36,Xiaomi,Redmi Note 11,2022,Feb,Redmi,159.9,73.9,8.1,179.0,6.43,Bar,Medium,17,20,8.0,10.0,Moderate,Super AMOLED,2400x1080,90,409,SD680,4,64/128,Android,50,13.0,4,No,5000,33,Yes,33W,0,No,WiFi 5,No,5.0,199.0,14999,10999,Budget,No,33W charger INCLUDED,Xiaomi Redmi Note 11,2.5,6.6,4.0
37,Xiaomi,POCO F4 GT,2022,Apr,POCO,162.5,76.7,8.5,210.0,6.67,Bar,Large,17,21,8.5,10.5,Hard,AMOLED,2400x1080,144,395,SD8G1,8,128/256,Android,64,20.0,3,No,4700,120,Yes,120W,0,Yes,WiFi 6E,Yes,5.3,499.0,36999,24999,Mid-Range,No,120W charger INCLUDED; gaming,Xiaomi POCO F4 GT,3.2,6.2,6.9
38,Xiaomi,POCO X4 Pro 5G,2022,Mar,POCO,164.0,76.1,8.1,205.0,6.67,Bar,Large,17,21,8.5,10.5,Hard,Super AMOLED,2400x1080,120,395,SD695,8,128/256,Android,108,16.0,3,No,5000,67,Yes,67W,0,Yes,WiFi 6,No,5.2,299.0,20999,13999,Mid-Range,No,67W charger INCLUDED,Xiaomi POCO X4 Pro 5G,5.4,6.6,6.1
39,Nothing,Phone 1,2022,Jul,Nothing,159.2,75.8,8.3,193.0,6.55,Bar,Medium,17,20,8.0,10.0,Moderate,OLED,2400x1080,120,402,SD778G+,8,128/256,Android,50,16.0,2,Yes,4500,33,No,,1999,0,WiFi 6,Yes,5.3,399.0,32999,21999,Mid-Range,No,No charger (eco policy); ₹1999 adapter,Nothing Phone 1,2.5,6.0,6.1
40,Motorola,Edge 30 Pro,2022,Feb,Moto Edge,163.1,75.9,8.8,196.0,6.7,Bar,Large,17,21,8.5,10.5,Hard,pOLED,2400x1080,144,393,SD8G1,12,128/256,Android,50,60.0,3,Yes,4800,68,No,,2499,0,Yes,WiFi 6E,Yes,5.3,599,49999,Mid-Premium,No,No,Motorola Edge 30 Pro,2.5,6.4,8.1
41,Sony,Xperia 1 IV,2022,May,Xperia,165.0,71.0,8.2,187.0,6.5,Bar,Medium,17,20,8.0,10.0,Moderate,4K OLED,3840x1644,120,643,SD8G1,12,256/512,Android,12,12.0,3,Yes,5000,30,No,,2999,0,Yes,WiFi 6E,Yes,5.3,1599,129999,Ultra-Premium,No,No,Sony Xperia 1 IV,0.6,6.6,7.4
42,Oppo,Find X5 Pro,2022,Feb,Find X,163.7,73.9,8.5,218.0,6.7,Bar,Large,17,21,8.5,10.5,Hard,AMOLED,3216x1440,120,525,SD8G1,12,256,Android,50,32.0,3,Yes,5000,80,Yes,80W,0,Yes,WiFi 6E,Yes,5.3,1099.0,89999,54999,Premium,No,80W charger INCLUDED; Hasselblad,Oppo Find X5 Pro,2.5,6.6,7.4
43,Vivo,X80 Pro,2022,Apr,X-Series,164.6,75.3,9.0,219.0,6.78,Bar,Large,17,21,8.5,10.5,Hard,AMOLED,3200x1440,120,517,SD8G1,12,256,Android,50,32.0,4,Yes,4700,80,Yes,80W,0,Yes,WiFi 6E,Yes,5.3,799.0,79999,44999,Mid-Premium,No,80W charger INCLUDED,Vivo X80 Pro,2.5,6.2,7.4
44,Realme,GT 2 Pro,2022,Feb,GT,163.2,74.7,8.2,199.0,6.7,Bar,Large,17,21,8.5,10.5,Hard,AMOLED,3216x1440,120,525,SD8G1,12,128/256,Android,50,32.0,3,No,5000,65,Yes,65W,0,Yes,WiFi 6E,Yes,5.3,549.0,37999,21999,Mid-Range,No,65W charger INCLUDED,Realme GT 2 Pro,2.5,6.6,7.4
45,ASUS,Zenfone 9,2022,Jul,Zenfone,146.5,68.1,9.1,169.0,5.9,Bar,Small,14,17,6.5,8.0,Easy,AMOLED,2400x1080,120,445,SD8+ G1,8,128/256,Android,50,12.0,2,No,4300,30,No,,1999,0,Yes,WiFi 6E,Yes,5.3,649,49999,Mid-Premium,No,No,ASUS Zenfone 9,2.5,5.7,6.1
46,Samsung,Galaxy S23,2023,Feb,S-Series,146.3,70.9,7.6,168.0,6.1,Bar,Small,15,17,7.0,8.0,Easy,Dynamic AMOLED 2X,2340x1080,120,425,SD8G2,8,128/256,Android,50,12.0,3,Yes,3900,25,No,,2999,0,WiFi 6E,Yes,5.3,799.0,74999,44999,Premium,No,No charger; 25W adapter ~₹2999,Samsung Galaxy S23,2.5,5.2,6.1
47,Samsung,Galaxy S23+,2023,Feb,S-Series,157.4,76.2,7.6,196.0,6.6,Bar,Medium,17,19,8.0,9.5,Moderate,Dynamic AMOLED 2X,2340x1080,120,393,SD8G2,8,256/512,Android,50,12.0,3,Yes,4700,45,No,,3499,0,WiFi 6E,Yes,5.3,999.0,94999,54999,Premium,No,No charger; 45W ~₹3499,Samsung Galaxy S23+,2.5,6.2,6.1
48,Samsung,Galaxy S23 Ultra,2023,Feb,S-Series,163.4,78.1,8.9,234.0,6.8,Bar,Large,18,22,9.0,11.0,Hard,Dynamic AMOLED 2X,3088x1440,120,500,SD8G2,8,256/512/1TB,Android,200,12.0,5,Yes,5000,45,No,,3499,0,WiFi 6E,Yes,5.3,1199.0,124999,72999,Premium,No,200MP; S-Pen; no charger,Samsung Galaxy S23 Ultra,10.0,6.6,6.1
49,Samsung,Galaxy S23 FE,2023,Oct,S-Series,158.0,76.5,8.2,209.0,6.4,Bar,Medium,17,20,8.0,10.0,Moderate,Dynamic AMOLED,2340x1080,120,401,Exynos 2200,8,128/256,Android,50,10.0,3,Yes,4500,25,No,,2999,0,WiFi 6E,Yes,5.3,599.0,54999,31999,Mid-Premium,No,Fan Edition; no charger,Samsung Galaxy S23 FE,2.5,6.0,6.1
50,Samsung,Galaxy A54 5G,2023,Mar,A-Series,158.2,76.7,8.2,202.0,6.4,Bar,Medium,17,20,8.0,10.0,Moderate,Super AMOLED,2340x1080,120,403,Exynos 1380,8,128/256,Android,50,32.0,3,No,5000,25,Yes,25W,0,Yes,WiFi 5,Yes,5.0,449.0,38999,24999,Mid-Range,No,25W charger INCLUDED,Samsung Galaxy A54 5G,2.5,6.6,6.1
51,Samsung,Galaxy A34 5G,2023,Mar,A-Series,161.3,77.7,8.2,199.0,6.6,Bar,Medium,17,20,8.0,10.0,Moderate,Super AMOLED,2408x1080,120,386,Dimensity 1080,6,128/256,Android,48,13.0,3,No,5000,25,Yes,25W,0,Yes,WiFi 5,Yes,5.0,399.0,30999,18999,Mid-Range,No,Charger included,Samsung Galaxy A34 5G,2.4,6.6,5.5
52,Samsung,Galaxy A14 5G,2023,Jan,A-Series,167.7,78.6,8.7,201.0,6.6,Bar,Medium,17,20,8.0,10.0,Moderate,PLS LCD,2408x1080,90,389,Dimensity 700,4,64/128,Android,50,13.0,3,No,5000,15,Yes,15W,0,Yes,WiFi 5,No,5.0,199.0,15999,10999,Budget,No,15W charger included,Samsung Galaxy A14 5G,2.5,6.6,4.0
53,Samsung,Galaxy A14,2023,Jan,A-Series,167.7,78.6,8.7,201.0,6.6,Bar,Medium,17,20,8.0,10.0,Moderate,PLS LCD,2408x1080,90,389,Exynos 850,4,64/128,Android,50,13.0,3,No,5000,15,Yes,15W,0,No,WiFi 4,No,5.0,169.0,13999,8999,Budget,No,15W charger included,Samsung Galaxy A14,2.5,6.6,4.0
54,Samsung,Galaxy A15,2023,Dec,A-Series,160.1,76.8,8.4,200.0,6.5,Bar,Medium,17,20,8.0,10.0,Moderate,Super AMOLED,2340x1080,90,396,Dimensity 6100+,4,128,Android,50,13.0,3,No,5000,25,Yes,25W,0,No,WiFi 5,No,5.0,199.0,15999,10999,Budget,No,Super AMOLED budget; charger incl.,Samsung Galaxy A15,2.5,6.6,4.0
55,Samsung,Galaxy A15 5G,2023,Dec,A-Series,160.1,76.8,8.4,200.0,6.5,Bar,Medium,17,20,8.0,10.0,Moderate,Super AMOLED,2340x1080,90,396,Dimensity 6100+,4,128,Android,50,13.0,3,No,5000,25,Yes,25W,0,Yes,WiFi 5,No,5.0,219.0,17999,12999,Budget,No,Charger included,Samsung Galaxy A15 5G,2.5,6.6,4.0
56,Samsung,Galaxy A05s,2023,Sep,A-Series,167.0,77.0,8.8,197.0,6.7,Bar,Large,17,21,8.5,10.5,Hard,PLS LCD,2400x1080,90,393,SD695,4,64/128,Android,50,13.0,3,No,5000,25,Yes,25W,0,Yes,WiFi 5,No,5.0,179.0,13999,9999,Budget,No,Charger included,Samsung Galaxy A05s,2.5,6.6,4.0
57,Samsung,Galaxy A05,2023,Nov,A-Series,167.0,77.0,8.8,197.0,6.7,Bar,Large,17,21,8.5,10.5,Hard,PLS LCD,2400x1080,60,393,Helio G85,4,64/128,Android,50,13.0,2,No,5000,10,Yes,10W,0,No,WiFi 4,No,5.0,149.0,10999,7499,Budget,No,Entry-level; charger included,Samsung Galaxy A05,2.5,6.6,3.1
58,Samsung,Galaxy A24,2023,Mar,A-Series,162.1,77.6,8.3,195.0,6.5,Bar,Medium,17,20,8.0,10.0,Moderate,Super AMOLED,2408x1080,90,405,Helio G99,6,128,Android,50,13.0,3,No,5000,25,Yes,25W,0,No,WiFi 5,No,5.0,249.0,17999,12999,Budget,No,Charger included,Samsung Galaxy A24,2.5,6.6,4.6
59,Samsung,Galaxy A25 5G,2023,Dec,A-Series,160.1,76.5,8.3,197.0,6.5,Bar,Medium,17,20,8.0,10.0,Moderate,Super AMOLED,2340x1080,120,405,Exynos 1280,8,128/256,Android,50,13.0,3,No,5000,25,Yes,25W,0,Yes,WiFi 5,No,5.0,299.0,20999,15999,Mid-Range,No,Charger included,Samsung Galaxy A25 5G,2.5,6.6,6.1
60,Samsung,Galaxy M14 5G,2023,Mar,M-Series,166.8,77.0,8.7,198.0,6.6,Bar,Medium,17,20,8.0,10.0,Moderate,PLS LCD,2408x1080,90,399,Exynos 1330,6,128,Android,50,13.0,3,No,6000,25,Yes,25W,0,Yes,WiFi 5,No,5.0,189.0,13999,9999,Budget,No,6000mAh; charger included; India,Samsung Galaxy M14 5G,2.5,7.9,4.6
61,Samsung,Galaxy M34 5G,2023,Jul,M-Series,165.0,77.1,7.8,208.0,6.6,Bar,Medium,17,20,8.0,10.0,Moderate,Super AMOLED,2408x1080,120,399,Exynos 1280,8,128,Android,50,13.0,3,No,6000,25,Yes,25W,0,Yes,WiFi 5,No,5.0,229.0,16999,11999,Budget,No,Charger included; India,Samsung Galaxy M34 5G,2.5,7.9,6.1
62,Samsung,Galaxy M54 5G,2023,Apr,M-Series,163.8,76.3,7.4,176.0,6.7,Bar,Large,17,21,8.5,10.5,Hard,Super AMOLED,2400x1080,120,394,Exynos 1380,8,128/256,Android,108,32.0,3,No,6000,25,Yes,25W,0,Yes,WiFi 5,No,5.0,319.0,26999,17999,Mid-Range,No,Charger included; India,Samsung Galaxy M54 5G,5.4,7.9,6.1
63,Samsung,Galaxy F14 5G,2023,Apr,F-Series,166.8,77.0,8.7,196.0,6.6,Bar,Medium,17,20,8.0,10.0,Moderate,PLS LCD,2408x1080,90,399,Exynos 1330,4,128,Android,50,13.0,3,No,6000,25,Yes,25W,0,Yes,WiFi 5,No,5.0,149.0,11999,7999,Budget,No,Charger included; India,Samsung Galaxy F14 5G,2.5,7.9,4.0
64,Samsung,Galaxy F34 5G,2023,Aug,F-Series,163.5,77.9,7.8,202.0,6.7,Bar,Large,17,21,8.5,10.5,Hard,Super AMOLED,2400x1080,120,394,Exynos 1280,8,128,Android,50,13.0,3,No,6000,25,Yes,25W,0,Yes,WiFi 5,No,5.0,219.0,16999,11999,Budget,No,Charger included; India,Samsung Galaxy F34 5G,2.5,7.9,6.1
65,Samsung,Galaxy F54 5G,2023,Jun,F-Series,163.8,76.3,7.4,176.0,6.7,Bar,Large,17,21,8.5,10.5,Hard,Super AMOLED,2400x1080,120,394,Exynos 1380,8,128/256,Android,108,32.0,3,No,6000,25,Yes,25W,0,Yes,WiFi 5,No,5.0,319.0,26999,17999,Mid-Range,No,Charger included; India,Samsung Galaxy F54 5G,5.4,7.9,6.1
66,Samsung,Galaxy Z Flip5,2023,Jul,Z-Series,165.1,71.9,6.9,187.0,6.7,Flip,Small-Med,15,19,7.0,9.5,Moderate,Dynamic AMOLED 2X,2640x1080,120,426,SD8G2,8,256/512,Android,12,10.0,2,Yes,3700,25,No,,2999,0,WiFi 6E,Yes,5.3,999.0,99999,61999,Premium,Yes,Flip; large cover screen; no charger,Samsung Galaxy Z Flip5,0.6,4.9,6.1
67,Samsung,Galaxy Z Fold5,2023,Jul,Z-Series,154.9,67.1,5.3,253.0,7.6,Fold,Large,18,22,9.0,11.0,Hard,Dynamic AMOLED 2X,2176x1812,120,374,SD8G2,12,256/512/1TB,Android,50,10.0,4,Yes,4400,25,No,,3499,0,WiFi 6E,Yes,5.3,1799.0,164999,99999,Ultra-Premium,Yes,Book fold; no charger,Samsung Galaxy Z Fold5,2.5,5.8,7.4
68,Apple,iPhone 15,2023,Sep,iPhone 15,147.6,71.6,7.8,171.0,6.1,Bar,Small,15,17,7.0,8.0,Easy,Super Retina XDR,2556x1179,60,460,A16 Bionic,6,128/256/512,iOS,48,12.0,2,Yes,3349,20,No,,1500,0,WiFi 6,Yes,5.3,799.0,79900,55999,Premium,No,USB-C; Dynamic Island; no charger,Apple iPhone 15,2.4,4.4,3.7
69,Apple,iPhone 15 Plus,2023,Sep,iPhone 15,160.9,77.8,7.8,201.0,6.7,Bar,Large,18,21,9.0,11.0,Hard,Super Retina XDR,2796x1290,60,460,A16 Bionic,6,128/256/512,iOS,48,12.0,2,Yes,4383,20,No,,1500,0,WiFi 6,Yes,5.3,899.0,89900,64999,Premium,No,No charger,Apple iPhone 15 Plus,2.4,5.8,3.7
70,Apple,iPhone 15 Pro,2023,Sep,iPhone 15 Pro,146.6,70.6,8.3,187.0,6.1,Bar,Small,15,17,7.0,8.0,Easy,Super Retina XDR ProMotion,2556x1179,120,460,A17 Pro,8,128/256/512/1TB,iOS,48,12.0,3,Yes,3274,27,No,,2000,0,WiFi 6E,Yes,5.3,999.0,134900,78999,Premium,No,Titanium; Action Button; no charger,Apple iPhone 15 Pro,2.4,4.3,6.1
71,Apple,iPhone 15 Pro Max,2023,Sep,iPhone 15 Pro,159.9,76.7,8.3,221.0,6.7,Bar,Large,18,21,9.0,11.0,Hard,Super Retina XDR ProMotion,2796x1290,120,460,A17 Pro,8,256/512/1TB,iOS,48,12.0,5,Yes,4422,27,No,,2000,0,WiFi 6E,Yes,5.3,1199.0,159900,89999,Premium,No,5x zoom; no charger,Apple iPhone 15 Pro Max,2.4,5.9,6.1
72,Google,Pixel 8,2023,Oct,Pixel 8,150.5,70.8,8.9,187.0,6.2,Bar,Small,15,18,7.0,9.0,Easy,AMOLED,2400x1080,120,428,Tensor G3,8,128/256,Android,50,10.5,3,Yes,4575,27,No,,1999,0,WiFi 7,Yes,5.3,699.0,75999,49999,Mid-Premium,No,7yr updates; no charger,Google Pixel 8,2.5,6.1,6.1
73,Google,Pixel 8 Pro,2023,Oct,Pixel 8,162.6,76.5,8.8,213.0,6.7,Bar,Large,17,21,8.5,10.5,Hard,LTPO AMOLED,2992x1344,120,489,Tensor G3,12,128/256/512/1TB,Android,50,10.5,3,Yes,5050,30,No,,1999,0,WiFi 7,Yes,5.3,999.0,105999,64999,Premium,No,Temp sensor; no charger,Google Pixel 8 Pro,2.5,6.7,7.4
74,Google,Pixel 8a,2023,May,Pixel 8,152.1,72.7,8.9,188.0,6.1,Bar,Small,15,17,7.0,8.0,Easy,AMOLED,2400x1080,120,429,Tensor G3,8,128,Android,64,13.0,2,Yes,4492,18,No,,1800,0,WiFi 6E,Yes,5.3,499.0,52999,38999,Mid-Range,No,No charger,Google Pixel 8a,3.2,5.9,6.1
75,OnePlus,11,2023,Feb,OnePlus,163.1,74.1,8.5,205.0,6.7,Bar,Large,17,21,8.5,10.5,Hard,AMOLED LTPO 2.0,3216x1440,120,525,SD8G2,8,128/256,Android,50,16.0,3,Yes,5000,100,Yes,100W,0,Yes,WiFi 6E,Yes,5.3,699.0,61999,44999,Mid-Premium,No,100W charger INCLUDED! Hasselblad,OnePlus 11,2.5,6.6,6.1
76,OnePlus,Nord CE3,2023,Aug,Nord,163.0,75.1,8.2,184.0,6.7,Bar,Large,17,21,8.5,10.5,Hard,AMOLED,2412x1080,120,394,SD782G,12,128/256,Android,50,16.0,3,No,5000,80,Yes,80W,0,Yes,WiFi 6E,Yes,5.3,399.0,26999,19999,Mid-Range,No,80W charger INCLUDED,OnePlus Nord CE3,2.5,6.6,7.4
77,OnePlus,Nord 3,2023,Jul,Nord,162.0,74.4,8.3,193.0,6.74,Bar,Large,17,21,8.5,10.5,Hard,AMOLED,2772x1240,120,450,Dimensity 9000,16,256,Android,50,16.0,3,No,5000,80,Yes,80W,0,Yes,WiFi 6E,Yes,5.3,399.0,33999,23999,Mid-Range,No,80W charger INCLUDED,OnePlus Nord 3,2.5,6.6,8.6
78,Xiaomi,13 Pro,2023,Feb,Xiaomi,162.9,74.6,8.4,210.0,6.73,Bar,Large,17,21,8.5,10.5,Hard,AMOLED,3200x1440,120,521,SD8G2,12,256,Android,50,32.0,3,Yes,4820,120,Yes,120W,0,Yes,WiFi 6E,Yes,5.3,999.0,79999,51999,Premium,No,120W charger INCLUDED; Leica 1-inch,Xiaomi 13 Pro,2.5,6.4,7.4
79,Xiaomi,13,2023,Feb,Xiaomi,152.8,71.5,7.98,185.0,6.36,Bar,Small-Med,15,18,7.0,9.0,Easy,AMOLED,2400x1080,120,416,SD8G2,8,128/256,Android,54,32.0,3,Yes,4500,67,Yes,67W,0,Yes,WiFi 6E,Yes,5.3,649.0,54999,34999,Mid-Premium,No,67W charger INCLUDED,Xiaomi 13,2.7,6.0,6.1
80,Xiaomi,Redmi Note 13 Pro 5G,2023,Sep,Redmi,161.1,74.95,7.6,187.0,6.67,Bar,Large,17,21,8.5,10.5,Hard,AMOLED,2712x1220,120,446,SD7s G2,8,128/256/512,Android,200,16.0,3,No,5100,67,Yes,67W,0,Yes,WiFi 6,Yes,5.2,299.0,26999,19999,Mid-Range,No,200MP; 67W charger INCLUDED,Xiaomi Redmi Note 13 Pro 5G,10.0,6.8,6.1
81,Xiaomi,Redmi Note 13 5G,2023,Sep,Redmi,161.1,74.95,7.6,174.5,6.67,Bar,Large,17,21,8.5,10.5,Hard,AMOLED,2400x1080,120,394,SD685/Dim6080,6,128/256,Android,108,16.0,3,No,5000,33,Yes,33W,0,Yes,WiFi 5,No,5.0,199.0,17999,12999,Budget,No,33W charger INCLUDED,Xiaomi Redmi Note 13 5G,5.4,6.6,5.5
82,Xiaomi,POCO F5,2023,May,POCO,160.9,74.9,7.9,181.0,6.67,Bar,Large,17,21,8.5,10.5,Hard,AMOLED,2712x1220,120,446,SD7+ G2,12,256,Android,64,16.0,3,No,5000,67,Yes,67W,0,Yes,WiFi 6E,Yes,5.3,349.0,29999,22999,Mid-Range,No,67W charger INCLUDED,Xiaomi POCO F5,3.2,6.6,7.4
83,Xiaomi,POCO X5 Pro,2023,Feb,POCO,162.9,76.0,7.9,181.0,6.67,Bar,Large,17,21,8.5,10.5,Hard,AMOLED,2400x1080,120,395,SD778G,8,128/256,Android,108,16.0,3,No,5000,67,Yes,67W,0,Yes,WiFi 6,No,5.2,299.0,22999,14999,Mid-Range,No,67W charger INCLUDED,Xiaomi POCO X5 Pro,5.4,6.6,6.1
84,Nothing,Phone 2,2023,Jul,Nothing,162.1,76.4,8.6,201.0,6.7,Bar,Large,17,21,8.5,10.5,Hard,LTPO OLED,2412x1080,120,394,SD8+ G1,12,256/512,Android,50,32.0,2,Yes,4700,45,No,,1999,0,WiFi 6E,Yes,5.3,599.0,44999,27999,Mid-Premium,No,No charger (eco); Glyph interface,Nothing Phone 2,2.5,6.2,7.4
85,Motorola,Edge 40 Pro,2023,Apr,Moto Edge,163.0,74.0,8.6,199.0,6.67,Bar,Large,17,21,8.5,10.5,Hard,pOLED,2400x1080,165,401,SD8G2,12,256,Android,50,60.0,3,Yes,4600,125,No,,2499,0,Yes,WiFi 6E,Yes,5.3,599,49999,Mid-Premium,No,No,Motorola Edge 40 Pro,2.5,6.1,8.8
86,Motorola,Razr 40 Ultra,2023,Jun,Razr,170.8,74.1,7.0,184.0,6.9,Flip,Small-Med,15,19,7.0,9.5,Moderate,pOLED,2640x1080,165,413,SD8+ G1,8,256,Android,12,32.0,2,Yes,3800,30,No,,2499,0,Yes,WiFi 6E,Yes,5.3,999,89999,Premium,No,Yes,Motorola Razr 40 Ultra,0.6,5.0,7.5
87,Sony,Xperia 1 V,2023,Jun,Xperia,165.0,71.0,8.3,187.0,6.5,Bar,Medium,17,20,8.0,10.0,Moderate,4K OLED,3840x1644,120,643,SD8G2,12,256/512,Android,52,12.0,3,Yes,5000,30,No,,2999,0,Yes,WiFi 6E,Yes,5.3,1399,129999,Ultra-Premium,No,No,Sony Xperia 1 V,2.6,6.6,7.4
88,ASUS,Zenfone 10,2023,Jun,Zenfone,146.5,68.1,9.4,172.0,5.9,Bar,Small,14,17,6.5,8.0,Easy,AMOLED,2400x1080,144,445,SD8G2,8,128/256,Android,50,32.0,2,No,4300,30,No,,1999,0,Yes,WiFi 6E,Yes,5.3,699,54999,Mid-Premium,No,No,ASUS Zenfone 10,2.5,5.7,6.9
89,Oppo,Find X6 Pro,2023,Mar,Find X,163.8,74.0,9.1,218.0,6.82,Bar,Large,17,21,8.5,10.5,Hard,AMOLED,3168x1440,120,510,SD8G2,12,256/512,Android,50,32.0,4,Yes,4800,100,Yes,100W,0,Yes,WiFi 6E,Yes,5.3,899.0,79999,46999,Premium,No,100W charger INCLUDED; Hasselblad,Oppo Find X6 Pro,2.5,6.4,7.4
90,Vivo,X90 Pro+,2023,Mar,X-Series,163.8,75.4,9.4,225.0,6.78,Bar,Large,17,21,8.5,10.5,Hard,AMOLED,3200x1440,120,517,SD8G2,12,256,Android,64,32.0,4,Yes,4700,80,Yes,80W,0,Yes,WiFi 6E,Yes,5.3,999.0,89999,54999,Premium,No,80W charger INCLUDED,Vivo X90 Pro+,3.2,6.2,7.4
91,Realme,GT3,2023,Feb,GT,162.9,73.9,8.9,199.0,6.74,Bar,Large,17,21,8.5,10.5,Hard,AMOLED,2772x1240,144,450,SD8+ G1,16,256,Android,50,16.0,3,No,4600,240,Yes,240W,0,Yes,WiFi 6E,Yes,5.3,549.0,43999,26999,Mid-Range,No,240W charger INCLUDED! World record,Realme GT3,2.5,6.1,9.4
92,Samsung,Galaxy S24,2024,Jan,S-Series,147.0,70.6,7.6,167.0,6.2,Bar,Small,15,17,7.0,8.0,Easy,Dynamic AMOLED 2X,2340x1080,120,416,SD8G3,8,128/256,Android,50,12.0,3,Yes,4000,25,No,,2999,0,WiFi 7,Yes,5.3,799.0,79999,49999,Premium,No,Galaxy AI; no charger,Samsung Galaxy S24,2.5,5.3,6.1
93,Samsung,Galaxy S24+,2024,Jan,S-Series,158.5,75.9,7.7,196.0,6.7,Bar,Medium,17,20,8.0,10.0,Moderate,Dynamic AMOLED 2X,3088x1440,120,489,SD8G3,12,256/512,Android,50,12.0,3,Yes,4900,45,No,,3499,0,WiFi 7,Yes,5.3,999.0,99999,59999,Premium,No,Galaxy AI; no charger,Samsung Galaxy S24+,2.5,6.5,7.4
94,Samsung,Galaxy S24 Ultra,2024,Jan,S-Series,162.3,79.0,8.6,232.0,6.8,Bar,Large,18,22,9.0,11.0,Hard,Dynamic AMOLED 2X,3088x1440,120,505,SD8G3,12,256/512/1TB,Android,200,12.0,5,Yes,5000,45,No,,3499,0,WiFi 7,Yes,5.3,1299.0,129999,79999,Premium,No,S-Pen; titanium; no charger,Samsung Galaxy S24 Ultra,10.0,6.6,7.4
95,Samsung,Galaxy S24 FE,2024,Sep,S-Series,162.0,77.3,8.0,213.0,6.7,Bar,Large,17,21,8.5,10.5,Hard,Dynamic AMOLED 2X,2340x1080,120,390,Exynos 2500,8,128/256,Android,50,10.0,3,Yes,4700,25,No,,2999,0,WiFi 6E,Yes,5.3,649.0,54999,34999,Mid-Premium,No,Fan Edition; no charger,Samsung Galaxy S24 FE,2.5,6.2,6.1
96,Samsung,Galaxy A55 5G,2024,Mar,A-Series,161.1,77.4,8.2,213.0,6.6,Bar,Medium,17,20,8.0,10.0,Moderate,Super AMOLED,2340x1080,120,390,Exynos 1480,8,128/256,Android,50,32.0,3,No,5000,25,Yes,25W,0,Yes,WiFi 6,Yes,5.0,449.0,38999,26999,Mid-Range,No,25W charger INCLUDED,Samsung Galaxy A55 5G,2.5,6.6,6.1
97,Samsung,Galaxy A35 5G,2024,Mar,A-Series,161.7,78.0,8.2,210.0,6.6,Bar,Medium,17,20,8.0,10.0,Moderate,Super AMOLED,2340x1080,120,386,Exynos 1380,6,128/256,Android,50,13.0,3,No,5000,25,Yes,25W,0,Yes,WiFi 5,Yes,5.0,399.0,30999,20999,Mid-Range,No,Charger included,Samsung Galaxy A35 5G,2.5,6.6,5.5
98,Samsung,Galaxy A25 5G,2024,Jan,A-Series,160.1,76.5,8.3,197.0,6.5,Bar,Medium,17,20,8.0,10.0,Moderate,Super AMOLED,2340x1080,120,405,Exynos 1280,8,128/256,Android,50,13.0,3,No,5000,25,Yes,25W,0,Yes,WiFi 5,No,5.0,299.0,20999,14999,Mid-Range,No,Charger included,Samsung Galaxy A25 5G,2.5,6.6,6.1
99,Samsung,Galaxy A16 5G,2024,Oct,A-Series,164.4,77.9,7.9,200.0,6.7,Bar,Large,17,21,8.5,10.5,Hard,Super AMOLED,2340x1080,90,386,Dimensity 6300,4,128,Android,50,13.0,3,No,5000,25,Yes,25W,0,Yes,WiFi 5,No,5.0,249.0,18999,13999,Budget,No,Charger included,Samsung Galaxy A16 5G,2.5,6.6,4.0
100,Samsung,Galaxy A16,2024,Oct,A-Series,164.4,77.9,7.9,200.0,6.7,Bar,Large,17,21,8.5,10.5,Hard,Super AMOLED,2340x1080,90,386,Helio G99,4,128,Android,50,13.0,3,No,5000,25,Yes,25W,0,No,WiFi 5,No,5.0,229.0,16999,11999,Budget,No,Charger included,Samsung Galaxy A16,2.5,6.6,4.0
101,Samsung,Galaxy A06,2024,Oct,A-Series,167.0,77.5,8.5,195.0,6.7,Bar,Large,17,21,8.5,10.5,Hard,PLS LCD,2340x1080,60,386,Helio G85,4,64/128,Android,50,5.0,2,No,5000,15,Yes,15W,0,No,WiFi 4,No,5.0,159.0,11999,8999,Budget,No,Entry level; charger included,Samsung Galaxy A06,2.5,6.6,3.1
102,Samsung,Galaxy M15 5G,2024,Mar,M-Series,166.8,77.0,8.7,198.0,6.6,Bar,Medium,17,20,8.0,10.0,Moderate,Super AMOLED,2340x1080,90,399,Dimensity 6100+,4,128,Android,50,13.0,3,No,6000,25,Yes,25W,0,Yes,WiFi 5,No,5.0,169.0,13999,10999,Budget,No,Charger included; India,Samsung Galaxy M15 5G,2.5,7.9,4.0
103,Samsung,Galaxy M35 5G,2024,Jul,M-Series,162.3,77.8,7.8,213.0,6.6,Bar,Medium,17,20,8.0,10.0,Moderate,Super AMOLED,2340x1080,120,390,Exynos 1380,6,128,Android,50,13.0,3,No,6000,25,Yes,25W,0,Yes,WiFi 6,No,5.0,229.0,19999,14999,Mid-Range,No,Charger included; India,Samsung Galaxy M35 5G,2.5,7.9,5.5
104,Samsung,Galaxy M55 5G,2024,Apr,M-Series,161.5,77.8,7.4,178.0,6.7,Bar,Large,17,21,8.5,10.5,Hard,Super AMOLED,2400x1080,120,394,SD7 Gen 1,8,128/256,Android,50,50.0,3,No,5000,45,Yes,45W,0,Yes,WiFi 6E,Yes,5.1,349.0,29999,19999,Mid-Range,No,45W charger included,Samsung Galaxy M55 5G,2.5,6.6,6.1
105,Samsung,Galaxy F15 5G,2024,Feb,F-Series,166.8,77.0,8.7,198.0,6.6,Bar,Medium,17,20,8.0,10.0,Moderate,Super AMOLED,2340x1080,90,399,Dimensity 6100+,4,128,Android,50,13.0,3,No,6000,25,Yes,25W,0,Yes,WiFi 5,No,5.0,179.0,13999,9999,Budget,No,Charger included; India,Samsung Galaxy F15 5G,2.5,7.9,4.0
106,Samsung,Galaxy F55 5G,2024,May,F-Series,163.8,75.6,7.4,176.0,6.7,Bar,Large,17,21,8.5,10.5,Hard,Super AMOLED,2400x1080,120,394,SD7 Gen 1,8,128/256,Android,50,50.0,3,No,5000,45,Yes,45W,0,Yes,WiFi 6E,Yes,5.1,299.0,26999,17999,Mid-Range,No,45W charger included,Samsung Galaxy F55 5G,2.5,6.6,6.1
107,Samsung,Galaxy Z Fold6,2024,Jul,Z-Series,153.5,68.1,5.6,239.0,7.6,Fold,Large,18,22,9.0,11.0,Hard,Dynamic AMOLED 2X,2160x1856,120,373,SD8G3,12,256/512/1TB,Android,50,10.0,4,Yes,4400,25,No,,3499,0,WiFi 7,Yes,5.3,1899.0,188999,119999,Ultra-Premium,Yes,Slimmest Fold; no charger,Samsung Galaxy Z Fold6,2.5,5.8,7.4
108,Samsung,Galaxy Z Flip6,2024,Jul,Z-Series,163.1,71.9,7.2,187.0,6.7,Flip,Small-Med,15,19,7.0,9.5,Moderate,Dynamic AMOLED 2X,2640x1080,120,426,SD8G3,8,256/512,Android,50,10.0,2,Yes,4000,25,No,,2999,0,WiFi 7,Yes,5.3,1099.0,109999,64999,Premium,Yes,Flip; no charger,Samsung Galaxy Z Flip6,2.5,5.3,6.1
109,Samsung,Galaxy M55s,2024,Oct,M-Series,161.5,77.8,7.4,178.0,6.7,Bar,Large,17,21,8.5,10.5,Hard,Super AMOLED,2400x1080,120,394,SD7s Gen 2,8,128/256,Android,50,50.0,3,No,5000,45,Yes,45W,0,Yes,WiFi 6E,Yes,5.1,369.0,29999,21999,Mid-Range,No,Charger included,Samsung Galaxy M55s,2.5,6.6,6.1
110,Apple,iPhone 16e,2024,Feb,SE,138.8,67.3,7.8,167.0,6.1,Bar,Small,14,17,6.5,8.0,Easy,Super Retina XDR,2532x1170,60,460,A16 Bionic,8,128/256/512,iOS,48,12.0,1,Yes,3279,20,No,,1500,0,WiFi 6,Yes,5.0,599.0,59900,42999,Mid-Premium,No,SE successor; USB-C; no charger,Apple iPhone 16e,2.4,4.3,4.3
111,Apple,iPhone 16,2024,Sep,iPhone 16,147.6,71.6,7.8,170.0,6.1,Bar,Small,15,17,7.0,8.0,Easy,Super Retina XDR,2556x1179,60,460,A18,8,128/256/512,iOS,48,12.0,2,Yes,3561,25,No,,1500,0,WiFi 7,Yes,5.3,799.0,79900,59999,Premium,No,Camera Control; no charger,Apple iPhone 16,2.4,4.7,4.3
112,Apple,iPhone 16 Plus,2024,Sep,iPhone 16,160.9,77.8,7.8,203.0,6.7,Bar,Large,18,21,9.0,11.0,Hard,Super Retina XDR,2796x1290,60,460,A18,8,128/256/512,iOS,48,12.0,2,Yes,4006,25,No,,1500,0,WiFi 7,Yes,5.3,899.0,89900,64999,Premium,No,No charger,Apple iPhone 16 Plus,2.4,5.3,4.3
113,Apple,iPhone 16 Pro,2024,Sep,iPhone 16 Pro,149.6,71.5,8.3,199.0,6.3,Bar,Small-Med,15,18,7.0,9.0,Easy,Super Retina XDR ProMotion,2622x1206,120,460,A18 Pro,8,128/256/512/1TB,iOS,48,12.0,5,Yes,3582,27,No,,2000,0,WiFi 7,Yes,5.3,999.0,119900,84999,Premium,No,No charger; larger vs 15 Pro,Apple iPhone 16 Pro,2.4,4.7,6.1
114,Apple,iPhone 16 Pro Max,2024,Sep,iPhone 16 Pro,163.0,77.6,8.3,227.0,6.9,Bar,Large,18,22,9.0,11.0,Hard,Super Retina XDR ProMotion,2868x1320,120,460,A18 Pro,8,256/512/1TB,iOS,48,12.0,5,Yes,4685,27,No,,2000,0,WiFi 7,Yes,5.3,1199.0,144900,99999,Premium,No,No charger,Apple iPhone 16 Pro Max,2.4,6.2,6.1
115,Google,Pixel 9,2024,Aug,Pixel 9,152.9,72.0,8.5,198.0,6.3,Bar,Small-Med,15,18,7.0,9.0,Easy,AMOLED,2424x1080,120,422,Tensor G4,12,128/256,Android,50,10.5,3,Yes,4700,27,No,,1999,0,WiFi 7,Yes,5.3,799.0,82999,59999,Premium,No,No charger,Google Pixel 9,2.5,6.2,7.4
116,Google,Pixel 9 Pro,2024,Aug,Pixel 9,152.9,72.0,8.5,199.0,6.3,Bar,Small-Med,15,18,7.0,9.0,Easy,LTPO AMOLED,2856x1280,120,495,Tensor G4,16,128/256/512/1TB,Android,50,10.5,3,Yes,4700,30,No,,1999,0,WiFi 7,Yes,5.3,999.0,109999,74999,Premium,No,No charger,Google Pixel 9 Pro,2.5,6.2,8.6
117,Google,Pixel 9 Pro XL,2024,Aug,Pixel 9,162.8,76.6,8.5,221.0,6.8,Bar,Large,17,21,8.5,10.5,Hard,LTPO AMOLED,2992x1344,120,489,Tensor G4,16,128/256/512/1TB,Android,50,10.5,3,Yes,5060,37,No,,2499,0,WiFi 7,Yes,5.3,1099.0,124999,84999,Premium,No,No charger,Google Pixel 9 Pro XL,2.5,6.7,8.6
118,Google,Pixel 9 Pro Fold,2024,Aug,Pixel 9,155.2,68.0,10.5,257.0,8.0,Fold,Large,18,22,9.0,11.0,Hard,LTPO AMOLED,2152x2076,120,380,Tensor G4,16,256/512,Android,48,10.5,3,Yes,4650,21,No,,1999,0,WiFi 7,Yes,5.3,1799.0,179999,129999,Ultra-Premium,Yes,Fold; no charger,Google Pixel 9 Pro Fold,2.4,6.2,8.6
119,OnePlus,12,2024,Jan,OnePlus,164.3,75.8,9.2,220.0,6.82,Bar,Large,17,21,8.5,10.5,Hard,LTPO AMOLED,3168x1440,120,510,SD8G3,12,256/512,Android,50,32.0,3,Yes,5400,100,Yes,100W,0,Yes,WiFi 7,Yes,5.4,799.0,64999,52999,Mid-Premium,No,100W charger INCLUDED! Hasselblad,OnePlus 12,2.5,7.2,7.4
120,OnePlus,Nord 4,2024,Jul,Nord,162.6,75.1,7.9,199.0,6.74,Bar,Large,17,21,8.5,10.5,Hard,AMOLED,2772x1240,120,450,SD7s G3,8,256,Android,50,16.0,3,No,5500,100,Yes,100W,0,Yes,WiFi 6E,Yes,5.4,399.0,29999,24999,Mid-Range,No,100W charger INCLUDED; metal,OnePlus Nord 4,2.5,7.3,6.1
121,OnePlus,Nord CE4,2024,Apr,Nord,162.9,75.8,7.9,177.0,6.7,Bar,Large,17,21,8.5,10.5,Hard,AMOLED,2412x1080,120,394,SD7 Gen 3,8,128/256,Android,50,16.0,2,No,5500,100,Yes,100W,0,Yes,WiFi 6E,Yes,5.3,299.0,24999,18999,Mid-Range,No,100W charger INCLUDED,OnePlus Nord CE4,2.5,7.3,6.1
122,Xiaomi,14,2024,Feb,Xiaomi,152.8,71.5,8.2,188.0,6.36,Bar,Small-Med,15,18,7.0,9.0,Easy,AMOLED LTPO,2670x1200,120,460,SD8G3,12,256/512,Android,50,32.0,3,Yes,4610,90,Yes,90W,0,Yes,WiFi 7,Yes,5.4,799.0,64999,49999,Premium,No,90W charger INCLUDED; Leica,Xiaomi 14,2.5,6.1,7.4
123,Xiaomi,14 Ultra,2024,Feb,Xiaomi,161.4,75.3,9.4,229.0,6.73,Bar,Large,17,21,8.5,10.5,Hard,AMOLED LTPO,3200x1440,120,521,SD8G3,16,512,Android,50,32.0,4,Yes,5000,90,Yes,90W,0,Yes,WiFi 7,Yes,5.4,1399.0,99999,79999,Ultra-Premium,No,90W charger; 1-inch Leica sensor,Xiaomi 14 Ultra,2.5,6.6,8.6
124,Xiaomi,Redmi Note 13 Pro+ 5G,2024,Jan,Redmi,161.4,74.3,8.8,204.0,6.67,Bar,Large,17,21,8.5,10.5,Hard,AMOLED,2712x1220,120,446,Dimensity 7200 Ultra,8,256,Android,200,16.0,3,No,4200,120,Yes,120W,0,Yes,WiFi 6E,Yes,5.3,349.0,34999,27999,Mid-Range,No,120W charger INCLUDED; IP68,Xiaomi Redmi Note 13 Pro+ 5G,10.0,5.6,6.1
125,Xiaomi,Redmi Note 13,2024,Jan,Redmi,161.1,74.95,7.6,174.5,6.67,Bar,Large,17,21,8.5,10.5,Hard,AMOLED,2400x1080,120,394,Dimensity 6080,6,128/256,Android,108,16.0,3,No,5000,33,Yes,33W,0,Yes,WiFi 5,No,5.0,199.0,14999,10999,Budget,No,33W charger INCLUDED; Global,Xiaomi Redmi Note 13,5.4,6.6,5.5
126,Xiaomi,POCO F6 Pro,2024,May,POCO,160.9,74.9,8.2,209.0,6.67,Bar,Large,17,21,8.5,10.5,Hard,AMOLED,2712x1220,120,446,SD8G2,12,256/512,Android,50,32.0,3,No,5000,120,Yes,120W,0,Yes,WiFi 6E,Yes,5.3,499.0,42999,34999,Mid-Range,No,120W charger INCLUDED,Xiaomi POCO F6 Pro,2.5,6.6,7.4
127,Xiaomi,POCO F6,2024,May,POCO,160.4,74.0,7.8,179.0,6.67,Bar,Large,17,21,8.5,10.5,Hard,AMOLED,2712x1220,120,446,SD7s G3,12,256,Android,64,20.0,3,No,5000,90,Yes,90W,0,Yes,WiFi 6E,Yes,5.3,349.0,26999,19999,Mid-Range,No,90W charger INCLUDED,Xiaomi POCO F6,3.2,6.6,7.4
128,Nothing,Phone 2a,2024,Mar,Nothing,161.7,76.3,8.5,190.0,6.7,Bar,Large,17,21,8.5,10.5,Hard,AMOLED,2412x1080,120,394,Dimensity 7200 Pro,12,128/256,Android,50,32.0,2,No,4700,45,No,,1799,0,WiFi 6E,Yes,5.3,349.0,23999,17999,Budget,No,No charger (eco); affordable Glyph,Nothing Phone 2a,2.5,6.2,7.4
129,Motorola,Edge 50 Pro,2024,May,Moto Edge,161.2,73.3,8.2,186.0,6.7,Bar,Large,17,21,8.5,10.5,Hard,pOLED,2712x1220,144,446,SD7s G3,12,256,Android,50,50.0,3,Yes,4500,125,No,,2499,0,Yes,WiFi 6E,Yes,5.3,499,35999,Mid-Range,No,No,Motorola Edge 50 Pro,2.5,6.0,8.1
130,Motorola,Razr 50 Ultra,2024,Jun,Razr,171.2,74.1,7.1,189.0,6.9,Flip,Small-Med,15,19,7.0,9.5,Moderate,pOLED,2640x1080,165,413,SD8s G3,12,256,Android,50,32.0,2,Yes,4000,45,No,,2499,0,Yes,WiFi 6E,Yes,5.3,999,89999,Premium,No,Yes,Motorola Razr 50 Ultra,2.5,5.3,8.8
131,ASUS,Zenfone 11 Ultra,2024,Mar,Zenfone,163.8,76.8,8.9,224.0,6.78,Bar,Large,17,21,8.5,10.5,Hard,AMOLED,2400x1080,144,388,SD8G3,16,256/512,Android,50,32.0,3,No,5500,65,No,,2499,0,Yes,WiFi 7,Yes,5.3,899,79999,Premium,No,No,ASUS Zenfone 11 Ultra,2.5,7.3,9.4
132,Sony,Xperia 1 VI,2024,May,Xperia,162.0,73.0,8.2,192.0,6.5,Bar,Medium,17,20,8.0,10.0,Moderate,OLED,2340x1080,120,399,SD8G3,12,256/512,Android,52,12.0,3,Yes,5000,30,No,,2999,0,Yes,WiFi 7,Yes,5.3,1299,129999,Ultra-Premium,No,No,Sony Xperia 1 VI,2.6,6.6,7.4
133,Oppo,Find X7 Ultra,2024,Jan,Find X,164.3,76.2,9.1,221.0,6.82,Bar,Large,17,21,8.5,10.5,Hard,AMOLED,3168x1440,120,510,SD8G3,16,256/512,Android,50,32.0,4,Yes,5000,100,Yes,100W,0,Yes,WiFi 7,Yes,5.3,1299.0,109999,74999,Ultra-Premium,No,100W charger INCLUDED; Hasselblad,Oppo Find X7 Ultra,2.5,6.6,8.6
134,Vivo,X100 Ultra,2024,Jun,X-Series,164.6,75.9,9.4,229.0,6.82,Bar,Large,17,21,8.5,10.5,Hard,AMOLED,3200x1440,120,517,SD8G3,16,256/512,Android,200,32.0,4,Yes,5500,80,Yes,80W,0,Yes,WiFi 7,Yes,5.4,1299.0,109999,74999,Ultra-Premium,No,80W charger INCLUDED; 200MP,Vivo X100 Ultra,10.0,7.3,8.6
135,Realme,GT 6,2024,Jun,GT,161.5,74.7,8.9,199.0,6.78,Bar,Large,17,21,8.5,10.5,Hard,AMOLED,2780x1264,120,450,SD8sG3,16,256/512,Android,50,32.0,3,No,5500,120,Yes,120W,0,Yes,WiFi 6,Yes,5.3,499.0,39999,27999,Mid-Range,No,120W charger INCLUDED,Realme GT 6,2.5,7.3,8.6
136,Honor,Magic6 Pro,2024,Jan,Magic,162.9,75.8,8.9,229.0,6.8,Bar,Large,17,21,8.5,10.5,Hard,LTPO OLED,2800x1312,120,451,Kirin 9010,12,256/512,Android,180,50.0,3,Yes,5600,80,Yes,80W,0,Yes,WiFi 7,Yes,5.3,899.0,74999,54999,Premium,No,80W charger INCLUDED,Honor Magic6 Pro,9.0,7.4,7.4
137,Samsung,Galaxy S25,2025,Jan,S-Series,146.9,70.5,7.2,162.0,6.2,Bar,Small,15,17,7.0,8.0,Easy,Dynamic AMOLED 2X,2340x1080,120,416,SD8 Elite,12,128/256,Android,50,12.0,3,Yes,4000,25,No,,2999,0,WiFi 7,Yes,5.4,799.0,80999,74999,Premium,No,Galaxy AI 2.0; no charger,Samsung Galaxy S25,2.5,5.3,7.4
138,Samsung,Galaxy S25+,2025,Jan,S-Series,158.4,75.8,7.3,190.0,6.7,Bar,Medium,17,20,8.0,10.0,Moderate,Dynamic AMOLED 2X,3120x1440,120,516,SD8 Elite,12,256/512,Android,50,12.0,3,Yes,4900,45,No,,3499,0,WiFi 7,Yes,5.4,999.0,99999,92999,Premium,No,No charger,Samsung Galaxy S25+,2.5,6.5,7.4
139,Samsung,Galaxy S25 Ultra,2025,Jan,S-Series,162.8,77.6,8.2,218.0,6.9,Bar,Large,18,22,9.0,11.0,Hard,Dynamic AMOLED 2X,3088x1440,120,510,SD8 Elite,12,256/512/1TB,Android,200,12.0,5,Yes,5000,45,No,,3499,0,WiFi 7,Yes,5.4,1299.0,129999,110999,Premium,No,S-Pen; titanium; no charger,Samsung Galaxy S25 Ultra,10.0,6.6,7.4
140,Samsung,Galaxy S25 Edge,2025,May,S-Series,158.2,75.6,5.8,163.0,6.7,Bar,Medium,17,20,8.0,10.0,Moderate,Dynamic AMOLED 2X,2340x1080,120,416,SD8 Elite,12,256,Android,200,12.0,3,Yes,3900,25,No,,2999,0,WiFi 7,Yes,5.4,1099.0,109999,104999,Premium,No,5.8mm thin; no charger,Samsung Galaxy S25 Edge,10.0,5.2,7.4
141,Samsung,Galaxy A56 5G,2025,Mar,A-Series,162.0,76.9,7.9,199.0,6.7,Bar,Large,17,21,8.5,10.5,Hard,Super AMOLED,2340x1080,120,387,Exynos 1580,8,128/256,Android,50,12.0,3,No,5000,45,Yes,45W,0,Yes,WiFi 6E,Yes,5.3,449.0,37999,35999,Mid-Range,No,45W charger INCLUDED,Samsung Galaxy A56 5G,2.5,6.6,6.1
142,Samsung,Galaxy A36 5G,2025,Mar,A-Series,162.0,77.7,7.9,195.0,6.7,Bar,Large,17,21,8.5,10.5,Hard,Super AMOLED,2340x1080,120,387,SD6 Gen 3,6,128/256,Android,50,12.0,3,No,5000,25,Yes,25W,0,Yes,WiFi 6E,Yes,5.3,399.0,29999,27999,Mid-Range,No,25W charger INCLUDED,Samsung Galaxy A36 5G,2.5,6.6,5.5
143,Samsung,Galaxy A26 5G,2025,Mar,A-Series,162.0,77.5,7.9,195.0,6.6,Bar,Medium,17,20,8.0,10.0,Moderate,Super AMOLED,2340x1080,120,387,Exynos 1380,6,128,Android,50,13.0,3,No,5000,25,Yes,25W,0,Yes,WiFi 5,No,5.0,299.0,24999,22999,Mid-Range,No,Charger included,Samsung Galaxy A26 5G,2.5,6.6,5.5
144,Samsung,Galaxy A06 5G,2025,Jan,A-Series,164.4,76.5,8.8,190.0,6.7,Bar,Large,17,21,8.5,10.5,Hard,PLS LCD,2340x1080,90,386,Dimensity 6300,4,64/128,Android,50,13.0,2,No,5000,15,Yes,15W,0,Yes,WiFi 5,No,5.0,169.0,13999,12999,Budget,No,Charger included,Samsung Galaxy A06 5G,2.5,6.6,4.0
145,Samsung,Galaxy M16 5G,2025,Jan,M-Series,166.8,77.0,8.7,198.0,6.6,Bar,Medium,17,20,8.0,10.0,Moderate,Super AMOLED,2340x1080,120,399,Dimensity 6300,4,128,Android,50,13.0,3,No,6000,25,Yes,25W,0,Yes,WiFi 5,No,5.0,179.0,14999,13999,Budget,No,Charger included; India,Samsung Galaxy M16 5G,2.5,7.9,4.9
146,Samsung,Galaxy M56 5G,2025,Feb,M-Series,161.5,77.8,7.4,178.0,6.7,Bar,Large,17,21,8.5,10.5,Hard,Super AMOLED,2400x1080,120,394,SD7s G3,8,128/256,Android,50,50.0,3,No,5000,45,Yes,45W,0,Yes,WiFi 6E,Yes,5.3,349.0,29999,27999,Mid-Range,No,45W charger included,Samsung Galaxy M56 5G,2.5,6.6,6.1
147,Samsung,Galaxy Z Fold7,2025,Jul,Z-Series,154.0,67.0,5.2,226.0,7.7,Fold,Large,18,22,9.0,11.0,Hard,Dynamic AMOLED 2X,2208x1968,120,378,SD8 Elite,16,256/512/1TB,Android,50,10.0,4,Yes,4400,25,No,,3499,0,WiFi 7,Yes,5.4,1899.0,195999,189999,Ultra-Premium,Yes,5.2mm fold; no charger,Samsung Galaxy Z Fold7,2.5,5.8,8.6
148,Samsung,Galaxy Z Flip7,2025,Jul,Z-Series,165.0,71.9,6.9,185.0,6.85,Flip,Small-Med,15,19,7.0,9.5,Moderate,Dynamic AMOLED 2X,2640x1080,120,426,Exynos 2500,12,256/512,Android,50,12.0,2,Yes,4300,25,No,,2999,0,WiFi 7,Yes,5.4,999.0,109999,104999,Premium,Yes,Flip; no charger,Samsung Galaxy Z Flip7,2.5,5.7,7.4
149,Samsung,Galaxy S25 FE,2025,Sep,S-Series,163.0,77.5,7.8,210.0,6.7,Bar,Large,17,21,8.5,10.5,Hard,Dynamic AMOLED 2X,2340x1080,120,390,Exynos 2400,8,128/256/512,Android,50,10.0,3,Yes,4900,25,No,,2999,0,WiFi 6E,Yes,5.3,649.0,54999,51999,Mid-Premium,No,Fan Edition; no charger,Samsung Galaxy S25 FE,2.5,6.5,6.1
150,Apple,iPhone 16e,2025,Feb,SE,138.8,67.3,7.8,167.0,6.1,Bar,Small,14,17,6.5,8.0,Easy,Super Retina XDR,2532x1170,60,460,A16 Bionic,8,128/256/512,iOS,48,12.0,1,Yes,3279,20,No,,1500,0,WiFi 6,Yes,5.0,599.0,49999,47999,Mid-Premium,No,SE4 / USB-C; no charger,Apple iPhone 16e,2.4,4.3,4.3
151,Apple,iPhone 17,2025,Sep,iPhone 17,150.9,71.5,7.8,177.0,6.27,Bar,Small-Med,15,18,7.0,9.0,Easy,Super Retina XDR ProMotion,2622x1206,120,460,A19,8,256/512,iOS,48,18.0,2,Yes,3692,25,No,,1500,0,WiFi 7,Yes,5.3,799.0,82900,82900,Premium,No,ProMotion on base; no charger,Apple iPhone 17,2.4,4.9,6.1
152,Apple,iPhone Air,2025,Sep,iPhone 17,155.9,75.7,5.6,145.0,6.7,Bar,Medium,17,20,8.0,10.0,Moderate,Super Retina XDR ProMotion,2796x1290,120,460,A18,8,128/256,iOS,48,12.0,2,Yes,2800,20,No,,1500,0,WiFi 7,Yes,5.3,999.0,89900,89900,Premium,No,5.6mm thin; no charger,Apple iPhone Air,2.4,3.7,6.1
153,Apple,iPhone 17 Pro,2025,Sep,iPhone 17 Pro,150.3,71.5,8.0,199.0,6.3,Bar,Small-Med,15,18,7.0,9.0,Easy,Super Retina XDR ProMotion,2622x1206,120,460,A19 Pro,12,256/512/1TB,iOS,48,24.0,4,Yes,3726,27,No,,2000,0,WiFi 7,Yes,5.3,999.0,134900,134900,Premium,No,24MP front cam; no charger,Apple iPhone 17 Pro,2.4,4.9,7.4
154,Apple,iPhone 17 Pro Max,2025,Sep,iPhone 17 Pro,163.0,77.6,8.4,233.0,6.9,Bar,Large,18,22,9.0,11.0,Hard,Super Retina XDR ProMotion,2868x1320,120,460,A19 Pro,12,256/512/2TB,iOS,48,24.0,5,Yes,4832,27,No,,2000,0,WiFi 7,Yes,5.3,1199.0,149900,149900,Premium,No,2TB option; no charger,Apple iPhone 17 Pro Max,2.4,6.4,7.4
155,Google,Pixel 9a,2025,May,Pixel 9,154.7,73.3,8.9,186.0,6.3,Bar,Small-Med,15,18,7.0,9.0,Easy,OLED,2424x1080,120,422,Tensor G4,8,128/256,Android,48,13.0,2,Yes,5100,18,No,,1800,0,WiFi 6E,Yes,5.3,499.0,46999,44999,Mid-Range,No,No charger; 18W adapter ~₹1800,Google Pixel 9a,2.4,6.8,6.1
156,Google,Pixel 10,2025,Aug,Pixel 10,152.8,72.0,8.6,204.0,6.3,Bar,Small-Med,15,18,7.0,9.0,Easy,AMOLED,2424x1080,120,422,Tensor G5,12,128/256,Android,48,10.5,3,Yes,4970,30,No,,1999,0,WiFi 6E,Yes,6.0,799.0,79999,79999,Premium,No,Tensor G5; no charger,Google Pixel 10,2.4,6.6,7.4
157,Google,Pixel 10 Pro,2025,Aug,Pixel 10,152.9,72.0,8.5,207.0,6.3,Bar,Small-Med,15,18,7.0,9.0,Easy,LTPO AMOLED,2856x1280,120,495,Tensor G5,16,128/256/512/1TB,Android,50,10.5,3,Yes,4870,45,No,,1999,0,WiFi 7,Yes,6.0,999.0,99999,99999,Premium,No,No charger,Google Pixel 10 Pro,2.5,6.5,8.6
158,Google,Pixel 10 Pro XL,2025,Aug,Pixel 10,162.8,76.6,8.5,221.0,6.8,Bar,Large,17,21,8.5,10.5,Hard,LTPO AMOLED,2992x1344,120,489,Tensor G5,16,128/256/512/1TB,Android,50,10.5,3,Yes,5200,45,No,,2499,0,WiFi 7,Yes,6.0,1099.0,109999,109999,Premium,No,No charger,Google Pixel 10 Pro XL,2.5,6.9,8.6
159,OnePlus,13,2025,Jan,OnePlus,162.9,76.0,8.5,213.0,6.82,Bar,Large,17,21,8.5,10.5,Hard,LTPO AMOLED,3168x1440,120,510,SD8 Elite,12,256/512/1TB,Android,50,32.0,3,Yes,6000,100,Yes,100W,0,Yes,WiFi 7,Yes,5.4,849.0,69999,62999,Mid-Premium,No,100W charger INCLUDED! 6000mAh,OnePlus 13,2.5,7.9,7.4
160,OnePlus,13s,2025,Jun,OnePlus,162.9,75.8,8.5,210.0,6.82,Bar,Large,17,21,8.5,10.5,Hard,LTPO AMOLED,2640x1216,120,449,SD8 Elite,12,256/512,Android,50,32.0,2,Yes,5850,80,Yes,80W,0,Yes,WiFi 7,Yes,5.4,649.0,54999,54999,Mid-Premium,No,80W charger INCLUDED; India exclusive,OnePlus 13s,2.5,7.7,7.4
161,Xiaomi,15,2025,Feb,Xiaomi,157.0,74.8,8.1,191.0,6.36,Bar,Medium,17,20,8.0,10.0,Moderate,AMOLED LTPO,2670x1200,120,460,SD8 Elite,12,256/512,Android,50,32.0,3,Yes,5240,90,Yes,90W,0,Yes,WiFi 7,Yes,5.4,799.0,64999,64999,Premium,No,90W charger INCLUDED; Leica,Xiaomi 15,2.5,6.9,7.4
162,Xiaomi,15 Ultra,2025,Feb,Xiaomi,161.3,76.0,9.5,229.0,6.73,Bar,Large,17,21,8.5,10.5,Hard,AMOLED LTPO,3200x1440,120,521,SD8 Elite,16,512/1TB,Android,200,32.0,4,Yes,5410,90,Yes,90W,0,Yes,WiFi 7,Yes,5.4,1299.0,109999,109999,Ultra-Premium,No,90W charger; 1-inch Leica sensor,Xiaomi 15 Ultra,10.0,7.2,8.6
163,Xiaomi,Redmi Note 14 Pro+,2025,Feb,Redmi,161.4,74.3,8.8,204.0,6.67,Bar,Large,17,21,8.5,10.5,Hard,AMOLED,2712x1220,120,446,SD7s G3,12,256,Android,200,20.0,3,No,4600,90,Yes,90W,0,Yes,WiFi 6E,Yes,5.3,349.0,26999,24999,Mid-Range,No,90W charger INCLUDED,Xiaomi Redmi Note 14 Pro+,10.0,6.1,7.4
164,Xiaomi,POCO F7,2025,Apr,POCO,163.3,75.0,7.9,199.0,6.83,Bar,Large,17,21,8.5,10.5,Hard,AMOLED,2772x1240,120,443,SD8s Gen 4,12,256/512,Android,50,20.0,2,No,7550,90,Yes,90W,0,Yes,WiFi 7,Yes,5.4,479.0,35999,35999,Mid-Range,No,90W charger INCLUDED; 7550mAh battery!,Xiaomi POCO F7,2.5,10.0,7.4
165,Nothing,Phone 3a,2025,Mar,Nothing,163.5,77.5,8.4,201.0,6.77,Bar,Large,17,21,8.5,10.5,Hard,AMOLED,2392x1080,120,388,SD7s G3,8,128/256,Android,50,32.0,3,Yes,5000,50,No,,1799,0,WiFi 6E,Yes,5.3,379.0,25999,23999,Budget,No,No charger (eco); periscope zoom,Nothing Phone 3a,2.5,6.6,6.1
166,Motorola,Edge 60 Pro,2025,Mar,Moto Edge,161.2,73.3,7.6,185.0,6.67,Bar,Large,17,21,8.5,10.5,Hard,pOLED,2712x1220,144,446,Dimensity 8400,12,256,Android,50,50.0,3,Yes,5000,68,No,,1999,0,Yes,WiFi 6E,Yes,5.4,499,34999,Mid-Range,No,No,Motorola Edge 60 Pro,2.5,6.6,8.1
167,Sony,Xperia 1 VII,2025,May,Xperia,162.0,73.0,8.2,192.0,6.5,Bar,Medium,17,20,8.0,10.0,Moderate,OLED,2340x1080,120,399,SD8 Elite,16,256/512,Android,52,12.0,3,Yes,5000,45,No,,2999,0,Yes,WiFi 7,Yes,5.4,1299,129999,Ultra-Premium,No,No,Sony Xperia 1 VII,2.6,6.6,8.6
168,ASUS,Zenfone 12 Ultra,2025,Feb,Zenfone,163.9,76.8,8.9,224.0,6.78,Bar,Large,17,21,8.5,10.5,Hard,AMOLED,2400x1080,165,388,SD8 Elite,12,256/512,Android,50,32.0,3,No,5500,65,No,,2499,0,Yes,WiFi 7,Yes,5.4,1099,89999,Premium,No,No,ASUS Zenfone 12 Ultra,2.5,7.3,8.8
169,Honor,Magic7 Pro,2025,Jan,Magic,162.9,75.8,8.9,229.0,6.8,Bar,Large,17,21,8.5,10.5,Hard,LTPO OLED,2800x1312,120,451,Kirin 9020,12,256/512,Android,180,50.0,3,Yes,5600,80,Yes,80W,0,Yes,WiFi 7,Yes,5.3,899.0,74999,71999,Premium,No,80W charger INCLUDED,Honor Magic7 Pro,9.0,7.4,7.4
170,Realme,GT 7 Pro,2025,Jan,GT,161.6,74.7,8.2,199.0,6.78,Bar,Large,17,21,8.5,10.5,Hard,AMOLED,2780x1264,120,450,SD8 Elite,12,256/512,Android,50,32.0,3,No,5800,120,Yes,120W,0,Yes,WiFi 7,Yes,5.4,499.0,34999,32999,Mid-Range,No,120W charger INCLUDED,Realme GT 7 Pro,2.5,7.7,7.4
171,Vivo,X200 Pro,2025,Jan,X-Series,163.5,75.9,8.2,219.0,6.78,Bar,Large,17,21,8.5,10.5,Hard,LTPO AMOLED,3200x1440,120,517,SD8 Elite,16,256/512/1TB,Android,200,50.0,4,Yes,5800,90,Yes,90W,0,Yes,WiFi 7,Yes,5.4,999.0,84999,79999,Premium,No,90W charger INCLUDED; 200MP,Vivo X200 Pro,10.0,7.7,8.6
